Season,Sport,Date,Time,Opponent,Duke Record,Duke W,Duke L,Duke Overall W/L,Duke Ranking,Opponent Ranking,Game W/L,W/L Margin,Attendance,Category,tempmax,tempmin,temp,feelslikemax,feelslikemin,feelslike,dew,humidity,pressure,visibility,windspeed,icon,Event Type,Day of Week,Day of Week Str
2016-2017,MF,9/3/2016,1800,NCCU,0-0,0,0,-1,0,0,W,43,35049,Class,26,17.7,20.9,26,17.7,20.9,17.1,80.2,1015.7,14.3,25,rain,Regular,5,Saturday
2016-2017,MF,9/10/2016,1530,WakeForest,1-Jan,1,1,0.5,0,0,L,-10,21077,Class,33,22.9,27.1,36.9,22.9,28.8,21.7,73.1,1016.9,15.5,17.8,partly-cloudy-day,ACCRivalry,5,Saturday
2016-2017,MF,10/1/2016,1230,Virginia,3-Feb,2,3,0.4,0,0,L,-14,25201,Class,28.1,18.6,22.4,27.8,18.6,22.4,17.7,78.2,1017.2,12.7,19.7,rain,ACCRivalry,5,Saturday
2016-2017,MF,10/8/2016,1530,Army,3-Mar,3,3,0.5,0,0,W,7,20613,Class,21.5,17.6,19.9,21.5,17.6,19.9,19,94.5,1009.6,8.1,37.2,rain,Regular,5,Saturday
2016-2017,MF,11/5/2016,1530,VirginiaTech,5-Mar,3,5,0.375,0,7,L,-3,38217,Class,18.2,3.4,10,18.2,3.4,10,4.1,71.4,1026.7,15.7,17.1,clear-day,ACCRivalry,5,Saturday
2016-2017,MF,11/10/2016,1930,NorthCarolina,6-Mar,3,6,0.333333333,0,15,W,1,39212,Class,17.6,2.7,10.3,17.6,2.7,10,1.3,58.1,1019.6,16,15.8,clear-day,ACCRivalry,3,Thursday
2017-2018,MF,9/2/2017,1800,NCCU,0-0,0,0,-1,0,0,W,53,30477,Class,27.2,16.7,20.4,29.2,16.7,20.6,18.7,91.3,1016.4,9.1,16,partly-cloudy-day,Regular,5,Saturday
2017-2018,MF,9/9/2017,1200,Northwestern,Jan-00,1,0,1,0,0,W,24,20241,Class,24.4,11.6,17.4,24.4,11.6,17.4,11.6,72.5,1024,15.7,22,clear-day,Regular,5,Saturday
2017-2018,MF,9/16/2017,1230,Baylor,Feb-00,2,0,1,0,0,W,14,26714,Class,28.2,16.8,22.4,28.9,16.8,22.6,18.3,80,1019.5,14.9,12.4,partly-cloudy-day,Regular,5,Saturday
2017-2018,MF,9/29/2017,1900,Miami,1-Apr,4,1,0.8,0,14,L,-25,36314,Class,23,15.6,19.5,23,15.6,19.5,12.4,63.8,1018,16,17.4,partly-cloudy-day,ACCRivalry,4,Friday
2017-2018,MF,10/14/2017,1200,FloridaState,2-Apr,4,2,0.666666667,0,0,L,-7,31073,Class,24.8,16.5,19.1,24.8,16.5,19.1,16.3,85.2,1023.7,16,9.4,partly-cloudy-day,ACCRivalry,5,Saturday
2017-2018,MF,10/21/2017,1220,Pittsburgh,3-Apr,4,3,0.571428571,0,0,L,-7,22621,Class,25.1,8.4,16.3,25.1,8.4,16.3,11.1,75.9,1026.2,15.3,9.5,partly-cloudy-day,ACCRivalry,5,Saturday
2017-2018,MF,11/18/2017,1530,GeorgiaTech,7-Apr,4,7,0.363636364,0,0,W,23,20141,Class,18.5,0.1,11,18.5,0.1,10.6,5.5,71.1,1012.9,16,33.9,partly-cloudy-day,ACCRivalry,5,Saturday
2018-2019,MF,8/31/2018,1900,Army,0-0,0,0,-1,0,0,W,20,26017,Class,32.1,21.2,26.3,34.9,21.2,27.5,21.3,76.4,1020.1,15.8,15.6,rain,Regular,4,Friday
2018-2019,MF,9/22/2018,1530,NCCU,Mar-00,3,0,1,0,0,W,42,30477,Class,31.1,19.3,24.8,34,19.3,25.8,20.7,79.7,1018.6,15.4,14.6,partly-cloudy-day,Regular,5,Saturday
2018-2019,MF,9/29/2018,1900,VirginiaTech,Apr-00,4,0,1,0,22,L,-17,32177,Class,27.2,16.2,21.3,28.2,16.2,21.4,18.3,84.7,1022.4,15.9,12.8,partly-cloudy-day,ACCRivalry,5,Saturday
2018-2019,MF,10/20/2018,1230,Virginia,1-May,5,1,0.833333333,0,0,L,-14,20277,Class,19.1,12.9,16.4,19.1,12.9,16.4,15.1,92.2,1011.9,15,17.3,rain,ACCRivalry,5,Saturday
2018-2019,MF,11/10/2018,1220,NorthCarolina,4-May,5,4,0.555555556,0,0,W,7,35493,Class,10.2,1.9,7.4,10.2,-0.3,6,-0.5,60.1,1021.3,15.8,20.9,partly-cloudy-day,ACCRivalry,5,Saturday
2018-2019,MF,11/24/2018,1230,WakeForest,5-May,5,5,0.5,0,0,L,-52,20782,Holiday,6.1,1.8,4,4.9,-0.9,2,3.1,94.2,1013.2,8.4,13.1,rain,ACCRivalry,5,Saturday
2019-2020,MF,9/7/2019,1800,NCA&T,0-1,0,1,0,0,0,W,32,38313,Class,31.2,16.8,24.2,31.5,16.8,24.4,17.3,68.4,1012.1,15.8,14,partly-cloudy-day,Regular,5,Saturday
2019-2020,MF,10/5/2019,2000,Pittsburgh,1-Mar,3,1,0.75,0,0,L,-3,22610,Holiday,20.3,14,17.1,20.3,14,17.1,11,67.5,1025,16,23,rain,Regular,5,Saturday
2019-2020,MF,10/12/2019,1230,GeorgiaTech,2-Mar,3,2,0.6,0,0,W,18,21741,Class,28.4,10.8,19.3,27.7,10.8,19.2,11.3,64.3,1016,15.9,15.8,partly-cloudy-day,ACCRivalry,5,Saturday
2019-2020,MF,11/9/2019,1930,NotreDame,4-Apr,4,4,0.5,0,15,L,-31,40004,Class,10.1,-2.7,2.7,10.1,-6,1.7,-4.2,63.3,1025.4,16,10.5,clear-day,ACCRivalry,5,Saturday
2019-2020,MF,11/16/2019,1600,Syracuse,5-Apr,4,5,0.444444444,0,0,L,-43,16286,Class,9,5.1,7.1,5.7,0.7,3.4,-0.3,59.2,1020.3,16,31.9,rain,ACCRivalry,5,Saturday
2019-2020,MF,11/30/2019,1530,Miami,7-May,5,7,0.416666667,0,0,W,10,15913,Class,9.1,7.5,8.5,9.1,5.5,7.8,5.3,81.2,1016.8,14,11.8,rain,ACCRivalry,5,Saturday
2021-2022,MF,9/10/2021,2000,NCA&T,0-1,0,1,0,0,0,W,28,18091,Class,25.9,13.6,19.7,25.9,13.6,19.7,12.7,67.9,1017.2,15.8,12.6,partly-cloudy-day,Regular,4,Friday
2021-2022,MF,9/18/2021,1600,Northwestern,1-Jan,1,1,0.5,0,0,W,13,12323,Class,29.1,20.9,24.5,31.3,20.9,25.2,21.2,83.5,1019.4,15.2,12.5,rain,Regular,5,Saturday
2021-2022,MF,9/25/2021,1600,Kansas,1-Feb,2,1,0.666666667,0,0,W,19,19128,Holiday,25,9,16.4,25,9,16.4,11,75.5,1017.9,15.6,13.5,partly-cloudy-day,Regular,5,Saturday
2021-2022,MF,10/9/2021,1230,GeorgiaTech,2-Mar,3,2,0.6,0,0,L,-4,11849,Class,20.1,17,18.5,20.1,17,18.5,18.2,98.5,1017.1,11.9,15.9,rain,ACCRivalry,5,Saturday
2021-2022,MF,11/6/2021,1200,Pittsburgh,4-Mar,3,4,0.428571429,0,25,L,-25,20693,Class,11.4,3.2,7.3,11.4,-0.4,5.3,1.9,69.2,1024.2,16,28.3,partly-cloudy-day,ACCRivalry,5,Saturday
2021-2022,MF,11/18/2021,1930,Louisville,7-Mar,3,7,0.3,0,0,L,-40,8493,Class,23.7,11,16.8,23.7,11,16.8,12.6,77.8,1022,15.9,28.7,rain,ACCRivalry,3,Thursday
2021-2022,MF,11/27/2021,1230,Miami,8-Mar,3,8,0.272727273,0,0,L,-37,17391,Holiday,11.8,-1.6,4.1,11.8,-3.1,3.1,-6.5,48.8,1018.1,16,10.4,clear-day,ACCRivalry,5,Saturday
2022-2023,MF,9/2/2022,1930,Temple,0-0,0,0,-1,0,0,W,30,20722,Class,33.1,16.5,24.9,32.8,16.5,24.8,16.5,64.8,1020.3,15.2,13.7,partly-cloudy-day,Regular,4,Friday
2022-2023,MF,9/17/2022,1800,NCA&T,Feb-00,2,0,1,0,0,W,29,32808,Class,27.9,14.4,21.1,27.2,14.4,21,13.7,67.3,1023,14.4,13.3,clear-day,Regular,5,Saturday
2022-2023,MF,10/1/2022,1930,Virginia,1-Mar,3,1,0.75,0,0,W,19,15152,Holiday,18.1,13.9,16,18.1,13.9,16,14.2,89.3,1007.6,13.9,27.2,rain,ACCRivalry,5,Saturday
2022-2023,MF,10/15/2022,2000,NorthCarolina,2-Apr,4,2,0.666666667,0,0,L,-3,40004,Class,26.3,7.3,16.3,26.3,7.3,16.3,7.7,63,1018,15.9,24.1,clear-day,ACCRivalry,5,Saturday
2022-2023,MF,11/12/2022,1200,VirginiaTech,3-Jun,6,3,0.666666667,0,0,W,17,20857,Class,22.5,17.3,19.7,22.5,17.3,19.7,16.3,81.2,1008.6,15.9,22.9,rain,ACCRivalry,5,Saturday
2022-2023,MF,11/26/2022,1530,WakeForest,4-Jul,7,4,0.636363636,0,0,W,3,17492,Holiday,18.9,1.7,9.8,18.9,1.7,9.7,2.1,62.7,1021.4,16,13,partly-cloudy-day,ACCRivalry,5,Saturday
2016-2017,WB,11/13/2016,1400,Penn,Feb-00,2,0,1,0,0,W,13,3263,Class,16.8,-3.7,5.9,16.8,-3.7,5.9,-2.7,63.7,1024.7,15.6,7.9,rain,Regular,6,Sunday
2016-2017,WB,11/15/2016,1900,Longwood,Mar-00,3,0,1,0,0,W,57,3007,Class,17,2.9,9.5,17,2.9,9.5,4.9,76.8,1013.9,12.4,11.2,rain,Regular,1,Tuesday
2016-2017,WB,11/17/2016,1900,GrandCanyon,Apr-00,4,0,1,0,0,W,43,3040,Class,19.7,3.3,10.4,19.7,3.3,10.4,5.1,74.2,1019.2,13.7,7.9,clear-day,Regular,3,Thursday
2016-2017,WB,11/22/2016,1900,OldDominion,1-May,5,1,0.833333333,0,0,W,28,3136,Holiday,14,-2.4,4.3,14,-2.4,4,-7.9,45.3,1024.7,16,13.8,partly-cloudy-day,Regular,1,Tuesday
2016-2017,WB,12/4/2016,1400,SouthCarolina,1-Sep,9,1,0.9,0,3,W,11,6036,Holiday,7.6,5.3,6.1,7.6,3.2,5.3,1.2,71.7,1023.8,13.6,10,rain,Regular,6,Sunday
2016-2017,WB,12/8/2016,1900,Elon,1-Oct,10,1,0.909090909,21,0,W,7,3121,Holiday,10.1,3.9,8.2,10.1,1.4,7.3,-0.7,57.8,1019.3,15.9,14.3,partly-cloudy-day,Regular,3,Thursday
2016-2017,WB,12/21/2016,1900,Villanova,1-Nov,11,1,0.916666667,17,0,W,18,3377,Holiday,14.6,-3.1,4.8,14.6,-5.5,4.2,-4.7,59.3,1024.6,14.9,10.4,partly-cloudy-day,Regular,2,Wednesday
2016-2017,WB,12/29/2016,1900,Kentucky,1-Dec,12,1,0.923076923,15,17,W,15,4121,Holiday,16.2,4.6,9.4,16.2,2.7,8.3,1.2,63.5,1011.1,13.5,25,rain,Regular,3,Thursday
2016-2017,WB,1/2/2017,1900,Louisville,13-1,13,1,0.928571429,13,8,W,3,3309,Holiday,10.3,8.1,9.2,10.3,5.9,8,8.5,95.3,1023,7.1,12.6,rain,ACCRivalry,0,Monday
2016-2017,WB,1/12/2017,1900,NorthCarolina,15-2,15,2,0.882352941,12,0,W,12,6718,Class,22.1,11.8,15.9,22.1,11.8,15.9,11.1,75.2,1026.3,15.9,35.8,partly-cloudy-day,ACCRivalry,3,Thursday
2016-2017,WB,1/19/2017,1900,VirginiaTech,16-3,16,3,0.842105263,15,17,W,25,3755,Class,16.4,1.9,8.7,16.4,1.9,8.6,2.8,69.1,1017.8,16,8.2,partly-cloudy-day,ACCRivalry,3,Thursday
2016-2017,WB,1/29/2017,1300,WakeForest,18-4,18,4,0.818181818,14,0,W,28,4008,Class,10.9,-1,4.9,10.9,-5.1,2.7,-4.4,53.5,1009.8,16,21.4,rain,ACCRivalry,6,Sunday
2016-2017,WB,2/2/2017,1900,Clemson,19-4,19,4,0.826086957,15,0,W,28,3564,Class,15.7,3,9.7,15.7,3,9.7,1.3,58.8,1020.3,16,10.7,partly-cloudy-day,ACCRivalry,3,Thursday
2016-2017,WB,2/10/2017,1900,Syracuse,21-4,21,4,0.84,14,20,W,17,3809,Class,9.7,-3.3,3.3,7.2,-5.8,1.5,-11.1,36.3,1027.7,15.8,24.1,partly-cloudy-day,ACCRivalry,4,Friday
2016-2017,WB,2/12/2017,1400,Pittsburgh,22-4,22,4,0.846153846,14,0,W,14,4013,Class,27.6,15.5,20.5,27.4,15.5,20.4,12.3,61.2,1012.2,15.7,31.2,rain,ACCRivalry,6,Sunday
2016-2017,WB,2/19/2017,1300,Miami,24-4,24,4,0.857142857,13,16,W,13,4153,Class,21.9,7.2,14.7,21.9,5.8,14.4,5.7,58,1014.6,16,17,clear-day,ACCRivalry,6,Sunday
2016-2017,WB,3/18/2017,2100,Hampton,28-5,28,5,0.848484848,9,0,W,63,2328,Holiday,17.2,7.5,10.3,17.2,5,9.1,6.4,78.1,1018,14.4,19.8,rain,EOSTournamentGame,5,Saturday
2016-2017,WB,3/20/2017,1830,Oregon,28-6,28,6,0.823529412,9,0,L,-5,1620,Class,18.8,-0.5,8.6,18.8,-0.5,8.6,-0.3,59.9,1021.9,15.9,17.1,partly-cloudy-day,EOSTournamentGame,0,Monday
2017-2018,WB,11/16/2017,1400,HighPoint,Feb-00,2,0,1,11,0,W,27,2063,Class,18.7,1.8,9.4,18.7,1.8,9.3,2.6,68.5,1016.9,15.7,16.5,partly-cloudy-day,Regular,3,Thursday
2017-2018,WB,11/25/2017,1500,OregonState,1-Apr,4,1,0.8,16,18,W,7,3408,Holiday,18.3,-1.4,8,18.3,-1.4,8,1.4,66.8,1012.6,16,18.1,partly-cloudy-day,Regular,5,Saturday
2017-2018,WB,11/26/2017,1400,Presbyterian,1-May,5,1,0.833333333,16,0,W,34,3266,Holiday,15.5,1.1,8.9,15.5,1.1,8.8,-1.5,52.5,1017.8,16,13.5,clear-day,Regular,6,Sunday
2017-2018,WB,11/30/2017,1900,OhioState,1-Jun,6,1,0.857142857,14,8,W,9,3408,Class,19.6,1.2,9.7,19.6,1.2,9.7,2.3,64.8,1021.3,16,9,partly-cloudy-day,Regular,3,Thursday
2017-2018,WB,12/10/2017,1400,Winthrop,2-Aug,8,2,0.8,14,0,W,71,3332,Class,5.2,-2.8,0.6,3.8,-5.5,-1.7,-3.2,77,1020,15.4,18.2,clear-day,Regular,6,Sunday
2017-2018,WB,12/19/2017,1900,Maine,2-Sep,9,2,0.818181818,14,0,W,30,3053,Holiday,21.2,2.2,11,21.2,0.6,10.9,4.9,71.6,1017.2,12.6,16.1,partly-cloudy-day,Regular,1,Tuesday
2017-2018,WB,12/21/2017,1900,Wyoming,2-Oct,10,2,0.833333333,14,0,W,23,3156,Holiday,11.4,2,6.6,11.4,0,5.8,1.2,71,1021.1,15.6,12.4,partly-cloudy-day,Regular,3,Thursday
2017-2018,WB,12/29/2017,1900,Liberty,2-Nov,11,2,0.846153846,14,0,W,14,3531,Holiday,5.1,-9.2,-2.9,3.9,-9.2,-3.7,-12.3,51.2,1027.5,16,8.6,partly-cloudy-day,Regular,4,Friday
2017-2018,WB,1/7/2018,1500,NCState,4-Dec,12,4,0.75,17,0,W,13,4513,Holiday,-1.8,-16.4,-8.7,-3.7,-16.4,-9.8,-19.4,45.3,1036.5,16,10.2,partly-cloudy-day,ACCRivalry,6,Sunday
2017-2018,WB,1/14/2018,1500,Virginia,14-4,14,4,0.777777778,16,0,W,13,3856,Class,-0.1,-5.8,-3.2,-3.5,-11.7,-7.9,-13.4,46.2,1034.1,16,21.7,partly-cloudy-day,ACCRivalry,6,Sunday
2017-2018,WB,1/25/2018,1900,BostonCollege,16-5,16,5,0.761904762,18,0,W,25,3405,Class,8.5,-3.7,2,8.5,-3.7,1.1,-6.3,57.2,1031.8,16,13.3,clear-day,ACCRivalry,3,Thursday
2017-2018,WB,2/1/2018,1900,GeorgiaTech,18-5,18,5,0.782608696,19,0,W,18,3311,Class,14.8,-0.6,8.2,14.8,-4.9,6.3,0.8,61.2,1019.2,16,29.6,partly-cloudy-day,ACCRivalry,3,Thursday
2017-2018,WB,2/4/2018,1300,NotreDame,18-6,18,6,0.75,19,5,L,-18,5724,Class,11.3,0.8,4.2,11.3,-1.3,2.7,0.5,80.1,1017,13.1,26.8,rain,ACCRivalry,6,Sunday
2017-2018,WB,2/7/2018,1900,WakeForest,19-6,19,6,0.76,19,0,W,8,3243,Class,17.3,6.3,11.8,17.3,4.6,11.1,9.2,84.2,1021.1,14.9,29.5,rain,ACCRivalry,2,Wednesday
2017-2018,WB,2/19/2018,1800,FloridaState,21-7,21,7,0.75,20,8,W,13,4127,Class,9.6,4.8,7.3,9.6,2.4,6.6,6.1,92.5,1030.6,5.4,13,rain,ACCRivalry,0,Monday
2017-2018,WB,2/25/2018,1400,NorthCarolina,22-7,22,7,0.75862069,20,0,W,24,9314,Class,21.8,17.2,18.7,21.8,17.2,18.7,13.9,74.1,1017.5,15.9,28.7,partly-cloudy-day,ACCRivalry,6,Sunday
2018-2019,WB,11/18/2018,1400,Elon,1-Feb,2,1,0.666666667,21,0,W,17,3313,Class,13.9,2.4,7.5,13.9,1.9,7.2,4.7,84.6,1025.3,14.3,8.1,partly-cloudy-day,Regular,6,Sunday
2018-2019,WB,12/2/2018,1400,Marist,3-May,5,3,0.625,0,0,W,8,2923,Holiday,20.8,13.6,17.1,20.8,13.6,17.1,15.8,92,1007.7,12,25,rain,Regular,6,Sunday
2018-2019,WB,12/6/2018,1400,UNLV,3-Jun,6,3,0.666666667,0,0,W,28,3018,Holiday,7,-4.2,1.5,5.6,-4.2,0.4,-5.4,62.2,1027.7,16,14.8,partly-cloudy-day,Regular,3,Thursday
2018-2019,WB,12/28/2018,1900,EastCarolina,4-Jul,7,4,0.636363636,0,0,W,17,3512,Holiday,19.4,9.2,14.2,19.4,7.4,14.1,13.8,97.5,1018.4,10.6,25.2,rain,Regular,4,Friday
2018-2019,WB,12/30/2018,1400,FloridaGulfCoast,4-Aug,8,4,0.666666667,0,0,W,16,3310,Holiday,14.1,6.9,9.5,14.1,6,9.2,7.5,88,1022.4,15.2,13.2,rain,Regular,6,Sunday
2018-2019,WB,1/6/2019,1400,Louisville,6-Aug,8,6,0.571428571,0,3,L,-22,4228,Holiday,17.8,4.4,10.2,17.8,4.4,10.1,2.3,60.1,1019.8,16,11.7,partly-cloudy-day,ACCRivalry,6,Sunday
2018-2019,WB,1/17/2019,1900,Miami,8-Aug,8,8,0.5,0,0,L,-8,3664,Class,8.5,-1.9,3.8,8.4,-3.2,2.5,0.1,77.6,1024.5,16,15.8,rain,ACCRivalry,3,Thursday
2018-2019,WB,1/24/2019,1900,WakeForest,9-Sep,9,9,0.5,0,0,W,14,3202,Class,17.4,2.4,13.2,17.4,0.1,12.7,9.1,77.7,1006.1,14.3,32.1,rain,ACCRivalry,3,Thursday
2018-2019,WB,1/27/2019,1300,Syracuse,10-Sep,9,10,0.473684211,0,13,L,-9,4004,Class,10.9,-3.8,3.6,10.9,-3.8,3.2,-4.1,61.1,1019.4,16,13.8,partly-cloudy-day,ACCRivalry,6,Sunday
2018-2019,WB,2/3/2019,1400,Pittsburgh,11-Oct,10,11,0.476190476,0,0,W,19,3722,Class,15.9,0.7,7.7,15.9,0.7,7.7,2.5,73,1020.4,16,4.3,partly-cloudy-day,ACCRivalry,6,Sunday
2018-2019,WB,2/14/2019,1900,VirginiaTech,13-Nov,11,13,0.458333333,0,0,L,-7,3117,Class,17.3,0.3,9,17.3,-0.6,8.9,-5.4,38.4,1018.9,16,15.8,partly-cloudy-day,ACCRivalry,3,Thursday
2018-2019,WB,2/28/2019,1900,Clemson,13-14,13,14,0.481481481,0,0,W,4,3149,Class,16.1,5,10.1,16.1,5,10,6.7,81.6,1017.2,9.9,16.5,partly-cloudy-day,ACCRivalry,3,Thursday
2018-2019,WB,3/3/2019,1200,NorthCarolina,14-14,14,14,0.5,0,0,W,18,9314,Class,9.6,5.8,7.4,8.2,3.5,5.6,5.1,85.8,1014,13.9,14.7,rain,ACCRivalry,6,Sunday
2019-2020,WB,11/5/2019,1900,HighPoint,Jan-00,1,0,1,0,0,W,36,2662,Class,21.3,6.8,13.2,21.3,6.8,13.2,8.4,75,1023.2,15.8,8.9,partly-cloudy-day,Regular,1,Tuesday
2019-2020,WB,11/17/2019,1500,Northwestern,2-Feb,2,2,0.5,0,0,L,-21,4118,Class,10.8,3.9,6.7,10.8,-0.3,3.7,0.7,65.4,1017.5,16,25.2,partly-cloudy-day,Regular,6,Sunday
2019-2020,WB,11/21/2019,1900,IdahoState,2-Mar,3,2,0.6,0,0,W,19,2718,Class,14.5,-0.5,7.4,14.5,-0.5,7.3,1.7,70.6,1024.3,15.8,12.7,partly-cloudy-day,Regular,3,Thursday
2019-2020,WB,11/24/2019,1400,Troy,2-Apr,4,2,0.666666667,0,0,W,14,2833,Class,13.7,2.9,9.1,13.7,2.9,8.3,3.5,70.4,1005.7,16,23.3,rain,Regular,6,Sunday
2019-2020,WB,11/27/2019,1900,Davidson,2-May,5,2,0.714285714,0,0,W,30,2784,Holiday,17.1,9.9,12.9,17.1,9.5,12.9,9.5,79.8,1015.2,15,22,rain,Regular,2,Wednesday
2019-2020,WB,11/29/2019,1300,Penn,2-Jun,6,2,0.75,0,0,W,16,2809,Class,13,0.4,7,13,0.4,6.9,-0.1,63.2,1023.5,16,7,partly-cloudy-day,Regular,4,Friday
2019-2020,WB,12/8/2019,1400,BostonCollege,3-Jul,7,3,0.7,0,0,W,12,3005,Holiday,10.1,-3,4,10.1,-5,3.1,-0.6,73.7,1029.6,14.7,11.9,rain,ACCRivalry,6,Sunday
2019-2020,WB,1/2/2019,1800,WakeForest,6-Jul,7,6,0.538461538,0,0,L,-2,3416,Holiday,11.1,7.9,9.7,11.1,5.7,9.1,5.6,76.2,1022.4,16,13.7,rain,ACCRivalry,2,Wednesday
2019-2020,WB,1/12/2019,1500,VirginiaTech,8-Aug,8,8,0.5,0,0,W,5,3088,Class,3.5,-1.1,1.5,1.5,-3.2,-0.7,-5.7,59.9,1031,15.9,13.6,rain,ACCRivalry,5,Saturday
2019-2020,WB,1/16/2019,2000,NotreDame,8-Sep,9,8,0.529411765,0,0,W,3,3022,Class,11,-3.3,3.2,11,-5.4,2.5,-1.4,75.7,1022.8,14.8,16.2,clear-day,ACCRivalry,2,Wednesday
2019-2020,WB,1/26/2020,1400,GeorgiaTech,9-Nov,11,9,0.55,0,0,W,12,3451,Class,11.3,0,5.3,11.3,0,4.7,-1.1,65.5,1014.8,16,16.6,partly-cloudy-day,ACCRivalry,6,Sunday
2019-2020,WB,2/2/2020,1400,NCState,10-Nov,11,10,0.523809524,0,7,L,-3,4209,Class,16.9,0.7,8.9,16.9,-2.1,8.2,0.6,62,1009,15.3,28.8,partly-cloudy-day,ACCRivalry,6,Sunday
2019-2020,WB,2/6/2020,1800,NorthCarolina,10-Dec,12,10,0.545454545,0,0,W,10,5686,Class,18.6,13.5,15.4,18.6,13.5,15.4,14.6,95,1001.6,9.5,29.5,rain,ACCRivalry,3,Thursday
2019-2020,WB,2/16/2020,1300,FloridaState,15-10,15,10,0.6,0,14,W,2,4303,Class,11.8,-0.5,6,11.8,-1.9,5.3,-0.1,66.6,1023.7,15.6,15.3,rain,ACCRivalry,6,Sunday
2019-2020,WB,2/20/2020,1900,Virginia,16-10,16,10,0.615384615,0,0,W,15,3154,Class,5.7,0.5,2.9,3.7,-3.1,0.5,-0.1,82.5,1028.2,11.1,20.6,snow,ACCRivalry,3,Thursday
2019-2020,WB,3/1/2020,1400,NorthCarolina,18-11,18,11,0.620689655,0,0,W,9,4916,Class,14.1,-4.4,5.3,14.1,-4.4,4.9,-8,42.7,1024.7,16,19.6,partly-cloudy-day,ACCRivalry,6,Sunday
2021-2022,WB,11/9/2021,1900,Winthrop,Jan-00,1,0,1,0,0,W,56,2473,Class,24.6,2.6,12.4,24.6,2.6,12.4,6.2,72,1023,16,14.1,clear-day,Regular,1,Tuesday
2021-2022,WB,11/14/2021,1900,UNCWilmington,Mar-00,3,0,1,0,0,W,42,2649,Class,13.6,-2,6,13.6,-2,5.8,-1.1,64.1,1015.9,16,18,partly-cloudy-day,Regular,6,Sunday
2021-2022,WB,11/24/2021,1900,AppalachianState,May-00,5,0,1,0,0,W,8,2533,Holiday,10.9,-4.6,2.2,10.9,-4.6,2,-5.4,62.5,1029.5,16,10.3,clear-day,Regular,2,Wednesday
2021-2022,WB,11/28/2021,1400,Troy,Jun-00,6,0,1,0,0,W,16,2516,Holiday,16,0.8,7.7,16,-0.9,6.9,-1.1,55.8,1013.1,16,13.1,partly-cloudy-day,Regular,6,Sunday
2021-2022,WB,12/2/2021,2100,Iowa,Jul-00,7,0,1,0,9,W,15,3064,Holiday,21.3,6.8,13.5,21.3,5,13.1,5.3,59.5,1014.9,16,17.2,partly-cloudy-day,TournamentGame,3,Thursday
2021-2022,WB,12/15/2021,1900,SouthCarolina,1-Aug,8,1,0.888888889,15,1,L,-9,5451,Holiday,15.4,-0.3,6.3,15.4,-0.5,5.9,3.1,81.2,1032.2,14,8.1,partly-cloudy-day,Regular,2,Wednesday
2021-2022,WB,1/2/2022,1400,NotreDame,2-Oct,10,2,0.833333333,15,17,W,2,3354,Holiday,20.9,15.5,18.7,20.9,15.5,18.7,17.1,90.6,1008.8,15.1,34.1,rain,ACCRivalry,6,Sunday
2021-2022,WB,1/13/2022,1800,VirginiaTech,3-Nov,11,3,0.785714286,16,0,L,-11,2209,Class,10.9,-2.3,4.6,10.9,-2.3,4.3,-3.3,58.7,1014.5,16,7.6,partly-cloudy-day,ACCRivalry,3,Thursday
2021-2022,WB,1/23/2022,1800,Virginia,13-4,13,4,0.764705882,21,0,W,9,2126,Class,7.7,-8.7,-1.1,4.9,-10.7,-2.5,-6.1,71,1016,15.9,16.2,partly-cloudy-day,ACCRivalry,6,Sunday
2021-2022,WB,1/27/2022,1900,NorthCarolina,13-5,13,5,0.722222222,21,0,L,-16,4954,Class,5.3,-6.7,-1.2,5.1,-9.1,-2.6,-9,57.7,1028.6,16,11.9,clear-day,ACCRivalry,3,Thursday
2021-2022,WB,2/1/2022,1900,GeorgiaTech,13-7,13,7,0.65,0,12,L,-13,1582,Class,10.1,-2.3,2.7,10.1,-6.2,1.1,-3.1,68.3,1029.7,16,12.6,partly-cloudy-day,ACCRivalry,1,Tuesday
2021-2022,WB,2/6/2022,1800,WakeForest,15-7,15,7,0.681818182,0,0,W,5,2487,Class,5.9,-4.9,-0.2,3.4,-8.4,-3,-8.5,55.8,1031.7,16,18,clear-day,ACCRivalry,6,Sunday
2021-2022,WB,2/10/2022,1800,FloridaState,15-8,15,8,0.652173913,0,0,L,-3,2327,Class,19,0.9,9.9,19,0.2,9.4,-1.5,49.7,1015.7,16,31.2,clear-day,ACCRivalry,3,Thursday
2021-2022,WB,2/13/2022,1400,NCState,15-9,15,9,0.625,0,5,L,-15,4956,Class,11.3,1.3,6.7,11.3,0.5,4.8,1.4,70.4,1017.2,15.7,24.8,partly-cloudy-day,ACCRivalry,6,Sunday
2021-2022,WB,2/24/2022,2000,BostonCollege,16-11,16,11,0.592592593,0,0,L,-16,2582,Class,13.3,5.5,9,13.3,2.6,7.5,7.3,89.4,1024.7,11,27.2,rain,ACCRivalry,3,Thursday
2022-2023,WB,11/7/2022,1100,NCA&T,Jan-00,1,0,1,0,0,W,20,1002,Class,28.3,18.5,22.3,29,18.5,22.5,17.4,75,1024.1,15.7,15.1,partly-cloudy-day,Regular,0,Monday
2022-2023,WB,11/10/2022,1900,CharlestonSouthern,Feb-00,2,0,1,0,0,W,61,1100,Class,20.8,11.7,16.4,20.8,11.7,16.4,12.2,76.8,1023.9,15.1,22.2,rain,Regular,3,Thursday
2022-2023,WB,11/17/2022,1900,TexasA&M,Apr-00,4,0,1,0,0,W,19,1352,Class,9.9,-0.6,4.5,8.6,-0.6,3.8,-4.2,55.4,1021.8,16,15.9,partly-cloudy-day,Regular,3,Thursday
2022-2023,WB,12/1/2022,1700,Northwestern,1-Jul,7,1,0.875,0,0,W,16,1089,Class,10.5,-1.1,5.1,10.5,-1.1,4.1,-6.7,44.4,1029.6,16,16,partly-cloudy-day,TournamentGame,3,Thursday
2022-2023,WB,12/8/2022,1900,AustinPeay,1-Sep,9,1,0.9,0,0,W,43,925,Holiday,17.1,12.3,15,17.1,12.3,15,12.7,86.7,1022.9,13.1,15.1,cloudy,Regular,3,Thursday
2022-2023,WB,12/21/2022,1900,Virginia,1-Nov,11,1,0.916666667,0,0,W,14,1568,Holiday,7.1,-2.8,3.3,5.4,-5.8,1.5,-3.4,64.6,1029.9,16,14.3,rain,ACCRivalry,2,Wednesday
2022-2023,WB,1/1/2023,1200,Louisville,13-1,13,1,0.928571429,0,0,W,7,1720,Holiday,18.1,9,13.2,18.1,9,13.2,11,87.7,1018,12.4,13.2,partly-cloudy-day,ACCRivalry,6,Sunday
2022-2023,WB,1/12/2023,1900,Clemson,15-1,15,1,0.9375,16,0,W,10,2134,Holiday,19,11,14.2,19,11,14.2,8.9,71,1015.2,15.8,25.6,rain,ACCRivalry,3,Thursday
2022-2023,WB,1/22/2023,1200,Syracuse,17-2,17,2,0.894736842,13,0,W,12,2147,Class,7.1,3,4.8,6.1,0.6,3.6,2.7,86.3,1014.7,10.5,14.7,rain,ACCRivalry,6,Sunday
2022-2023,WB,1/26/2023,2000,VirginiaTech,18-2,18,2,0.9,16,12,W,11,2207,Class,13.5,3.5,8.6,13.5,3.5,7.7,1.3,62,1012.6,15.8,23,rain,ACCRivalry,3,Thursday
2022-2023,WB,2/2/2023,1800,Pittsburgh,19-3,19,3,0.863636364,16,0,W,9,1741,Class,5.7,2.9,4.2,5.5,0.1,3.1,2.7,90.2,1022,9,10.2,rain,ACCRivalry,3,Thursday
2022-2023,WB,2/12/2023,1400,Miami,22-3,22,3,0.88,9,0,W,10,2449,Class,7.6,2.8,4.6,5.6,-2.2,1.5,2.9,89.1,1009.9,7.6,27.1,rain,ACCRivalry,6,Sunday
2022-2023,WB,2/23/2023,2000,NCState,24-4,24,4,0.857142857,11,0,W,15,3139,Class,27.9,17.7,21.8,28.7,17.7,22,16.7,73.9,1015.5,16,32.4,rain,ACCRivalry,3,Thursday
2022-2023,WB,2/26/2023,1200,NorthCarolina,25-5,25,5,0.833333333,13,22,L,-4,9314,Class,13.2,8,10.2,13.2,7.4,10.1,7.8,85.2,1017,14.5,22,cloudy,ACCRivalry,6,Sunday
2022-2023,WB,3/18/2023,2130,Iona,26-6,26,6,0.8125,13,0,W,40,2246,Holiday,15.8,8,11.5,15.8,6.3,11.2,2.7,59.4,1010.5,14.5,21.1,rain,EOSTournamentGame,5,Saturday
2022-2023,WB,3/20/2023,2100,Colorado,26-7,26,7,0.787878788,13,21,L,-8,1904,Holiday,11.8,-1.4,4.9,11.8,-3.4,3.9,-7.9,40.8,1026.8,16,16.4,partly-cloudy-day,EOSTournamentGame,0,Monday
